Username,Password,ProfileImage,ProfileDescription,Location
alice,alicepassword,alice.png,"Hi, I'm Alice!","London"
bob,bobpassword,bob.jpg,"Bob here.","New York"
carol,carolpassword,carol.png,"Carol's profile.","Paris"
dave,davepassword,dave.jpg,"Dave's the name.","Berlin"
eve,evepassword,eve.png,"Eve is here.","Tokyo"
frank,frankpassword,frank.jpg,"Frankly, it's Frank.","Sydney"
grace,gracepassword,grace.png,"Graceful as always.","Toronto"
heidi,heidipassword,heidi.jpg,"Heidi's profile.","Amsterdam"
ivan,ivanpassword,ivan.png,"Ivan at your service.","Moscow"
judy,judypassword,judy.jpg,"Judy's journey.","Cape Town"